<?xml version="1.0" encoding="UTF-8"?>

<services-config>
    <services>
        
        <service
            id="validate-service"
            class="flex.messaging.services.RemotingService"
            messageTypes="flex.messaging.messages.RemotingMessage">
            <destination id="user"/>
            <destination id="register"/>
            <destination id="identity"/>
            <destination id="hotelSearch"/>
            <destination id="hotels"/>
            <destination id="hotel"/>
            <destination id="bookings"/>
            <destination id="bookingList"/>
            <destination id="hotelBooking"/>
			<destination id="changePassword"/>
            <default-channels>
                <channel ref="seam-amf"/>
            </default-channels>
        </service>      
        
    </services>

    <channels>
        
        <channel-definition id="seam-amf" class="mx.messaging.channels.AMFChannel">
            <endpoint
                uri="http://{server.name}:{server.port}/booking/seam/resource/amf"
                class="flex.messaging.endpoints.AMFEndpoint"/>
        </channel-definition>  
        
    </channels>

</services-config>
