<?xml version="1.0" encoding="UTF-8"?>
<project name="javafx-build" default="usage">
	<condition else="" property="binary.extension" value=".exe">
		<os family="windows"/>
	</condition>

	<property name="javafx.compiler" value="${JAVAFX_HOME}/bin/javafxc${binary.extension}"/>
	<property name="javafx.packager" value="${JAVAFX_HOME}/bin/javafxpackager${binary.extension}"/>
	<property name="javafx.documentation" value="${JAVAFX_HOME}/bin/javafxdoc${binary.extension}"/>

	<property name="documentation.directory" location="${project.build.outputDirectory}/../fxdoc"/>

	<path id="javafxc.classpath">
		<fileset dir="${JAVAFX_HOME}">
			<include name="lib/**/*.jar" />
		</fileset>
	</path>

	<path id="classpath">
		<path refid="javafxc.classpath"/>
		<path refid="maven.compile.classpath"/>
	</path>

	<target name="compile">
		<mkdir dir="${project.build.outputDirectory}"/>
		<javac destdir="${project.build.outputDirectory}" fork="true" debug="true" source="${source}" target="${target}">
			<src path="${project.build.sourceDirectory}" />
			<classpath refid="classpath"/>
		</javac>
		<taskdef resource="javafxc-ant-task.properties" classpathref="javafxc.classpath"/>
		<javafxc destdir="${project.build.outputDirectory}" executable="${javafx.compiler}" debug="true">
			<src path="${project.build.sourceDirectory}" />
			<classpath refid="classpath"/>
		</javafxc>
	</target>

	<target name="documentation">
		<mkdir dir="${documentation.directory}"/>
		<!-- If the version is true, the documentation is not generated (version of JavaFX 1.2 and JavaFx 1.2.1)  -->
		<javadoc author="true" classpathref="classpath" destdir="${documentation.directory}" executable="${javafx.documentation}" failonerror="true" version="false">
			<fileset dir="${project.build.sourceDirectory}" includes="**/*.fx"/>
		</javadoc>
	</target>

	<target name="package">
		<property name="javafx.profile" value="DESKTOP"/>
		<condition else="" property="draggable" value="-draggable">
			<istrue value="${applet.draggable}"/>
		</condition>
		<condition else="" property="pack200" value="-pack200">
			<istrue value="${packEnabled}"/>
		</condition>
		<condition else="" property="sign" value="-sign">
			<istrue value="${signed}"/>
		</condition>
		<condition else="" property="applicationName" value="-appName '${application.name}'">
			<isset property="application.name"/>
		</condition>
		<condition else="" property="applicationVendor" value="-appVendor '${application.vendor}'">
			<isset property="application.vendor"/>
		</condition>
		<condition else="" property="applicationWidth" value="-appWidth ${application.width}">
			<isset property="application.width"/>
		</condition>
		<condition else="" property="applicationHeight" value="-appHeight ${application.height}">
			<isset property="application.height"/>
		</condition>

		<exec executable="${javafx.packager}" failonerror="true">
			<arg value="-src"/>
			<arg value="${project.build.sourceDirectory}"/>
			<arg value="-d"/>
			<arg file="${project.build.outputDirectory}"/>
			<arg value="-appClass"/>
			<arg value="${application.main}"/>
			<arg value="-cp"/>
			<arg pathref="classpath"/>
			<arg line="${applicationName}"/>
			<arg line="${applicationVendor}"/>
			<arg line="${applicationWidth}"/>
			<arg line="${applicationHeight}"/>
			<arg value="${draggable}"/>
			<arg value="${pack200}"/>
			<arg value="${sign}"/>
		</exec>
	</target>

	<target name="usage">
		<echo>This script is used during assembly javafx project, it is meaningless to call directly</echo>
	</target>
</project>
