<?xml version="1.0" encoding="UTF-8"?>
<beans xmlns="http://www.springframework.org/schema/beans"
       xmlns:xsi="http://www.w3.org/2001/XMLSchema-instance"
       xmlns:context="http://www.springframework.org/schema/context"
       xsi:schemaLocation="http://www.springframework.org/schema/beans http://www.springframework.org/schema/beans/spring-beans-2.5.xsd
       http://www.springframework.org/schema/context http://www.springframework.org/schema/context/spring-context-2.5.xsd">

	<context:component-scan base-package="com.exadel.flamingo.push">
		<context:exclude-filter type="assignable" expression="com.exadel.flamingo.push.spring.SpringFlamingoPushServerConfiguration"/>
		<context:exclude-filter type="assignable" expression="com.exadel.flamingo.push.spring.SpringFlamingoDestinationTranslator"/>
	</context:component-scan>

	<bean name="com.exadel.flamingo.push.server.configuration" class="com.exadel.flamingo.push.spring.SpringFlamingoPushServerConfiguration">
		<property name="JMSConnectionFactoryName" value="ConnectionFactory"/>
	</bean>

	<bean name="com.exadel.flamingo.push.server.translator" class="com.exadel.flamingo.push.spring.SpringFlamingoDestinationTranslator">
		<property name="transformationFileURL" value="/translator.xml"/>
	</bean>
</beans>