<?xml version="1.0" encoding="UTF-8"?>

<services-config>
    <services>
        <service id="seam-service" class="flex.messaging.services.RemotingService"
                messageTypes="flex.messaging.messages.RemotingMessage"> 
            <destination id="Person"/>
            <destination id="Book"/>
            <destination id="Address"/>
            <default-channels>
                <channel ref="seam-amf" /> 
            </default-channels>
        </service>
    </services>

   <channels>
       <channel-definition id="seam-amf" class="mx.messaging.channels.AMFChannel">
                      <endpoint uri="http://{server.name}:{server.port}/dynamic-query/seam/resource/amf" class="flex.messaging.endpoints.AMFEndpoint"/>
                  </channel-definition>
   </channels>

</services-config>