<?xml version="1.0" encoding="UTF-8"?>
<transformations  xmlns:xsi='http://www.w3.org/2001/XMLSchema-instance'
   xmlns='http://flamingo.exadel.com/schema/translator'
   xsi:schemaLocation='http://flamingo.exadel.com/schema/translator /translator.xsd'>
	<transformation>
		<flamingo>
			<destination>*</destination>
		</flamingo>
		<jms>
			<destination>/queue/testQueue</destination>
		</jms>
	</transformation>
	<transformation>
		<flamingo>
			<destination>dev01.exadel.com</destination>
		</flamingo>
		<jms>
			<destination>/queue/C</destination>
		</jms>
	</transformation>
	<transformation>
		<flamingo>
			<destination>db.exadel.com</destination>
		</flamingo>
		<jms>
			<producer>
				<destination>/queue/A</destination>
			</producer>
			<consumer>
				<destination>/queue/A</destination>
				<selector>cpuWarning=true</selector>
			</consumer>
		</jms>
	</transformation>
	<transformation>
		<flamingo>
			<destination>localhost</destination>
		</flamingo>
		<jms>
			<producer>
				<destination>/queue/B</destination>
			</producer>
			<consumer>
				<destination>/queue/B</destination>
			</consumer>
		</jms>
	</transformation>
</transformations>
