<?xml version="1.0" encoding="UTF-8"?>
<components xmlns="http://jboss.com/products/seam/components"
            xmlns:core="http://jboss.com/products/seam/core"
            xmlns:persistence="http://jboss.com/products/seam/persistence"
            xmlns:drools="http://jboss.com/products/seam/drools"
            xmlns:bpm="http://jboss.com/products/seam/bpm"
            xmlns:security="http://jboss.com/products/seam/security"
            xmlns:mail="http://jboss.com/products/seam/mail"
            xmlns:xsi="http://www.w3.org/2001/XMLSchema-instance"
            xsi:schemaLocation=
                "http://jboss.com/products/seam/core http://jboss.com/products/seam/core-2.1.xsd
                 http://jboss.com/products/seam/persistence http://jboss.com/products/seam/persistence-2.1.xsd
                 http://jboss.com/products/seam/drools http://jboss.com/products/seam/drools-2.1.xsd
                 http://jboss.com/products/seam/bpm http://jboss.com/products/seam/bpm-2.1.xsd
                 http://jboss.com/products/seam/security http://jboss.com/products/seam/security-2.1.xsd
                 http://jboss.com/products/seam/mail http://jboss.com/products/seam/mail-2.1.xsd
                 http://jboss.com/products/seam/components http://jboss.com/products/seam/components-2.1.xsd">

	<component name="com.exadel.flamingo.push.server.translator" auto-create="true">
		<property name="transformationFileURL">/translator.xml</property>
	</component>

	<component name="com.exadel.flamingo.push.server.configuration">
		<property name="JMSConnectionFactoryName">ConnectionFactory</property>
	</component>

	<component name="com.exadel.flamingo.push.samples.publisher">
		<property name="serverSideBroker">#{com.exadel.flamingo.push.broker}</property>
	</component>

</components>
