<?xml version="1.0" encoding="UTF-8"?>
<flow xmlns="http://www.springframework.org/schema/webflow"
      xmlns:xsi="http://www.w3.org/2001/XMLSchema-instance"
      xsi:schemaLocation="http://www.springframework.org/schema/webflow http://www.springframework.org/schema/webflow/spring-webflow-2.0.xsd"
      >
    
     <var name="changeUser" class="org.springframework.webflow.samples.booking.User"/>
    
    <view-state id="changePassword" view="changePasswordPage.xhtml">
        <transition on="cancelChangePassword" to="endChangePassword" />
        <transition on="changePasswordAction" to="changePasswordActionState"/>
    </view-state>
	
	<action-state id="changePasswordActionState">
        <evaluate expression="changePassword.changePassword(currentUser.name, changeUser.password)" />    
    	<transition on="successfulChanged" to="endChangePassword"/>
    	<transition on="changeError" to="errorChangePassword"/>
    </action-state>
    
    <view-state id="errorChangePassword" view="errorChangePassword.xhtml" popup="true">
        <on-entry>
            <render fragments="changePasswordErrorFragment"/>
        </on-entry>
    </view-state>
    
    <end-state id="endChangePassword"/>
</flow>