<?xml version="1.0" encoding="UTF-8"?>
<flow xmlns="http://www.springframework.org/schema/webflow"
      xmlns:xsi="http://www.w3.org/2001/XMLSchema-instance"
      xsi:schemaLocation="http://www.springframework.org/schema/webflow http://www.springframework.org/schema/webflow/spring-webflow-2.0.xsd"
      >
    <var name="newUser" class="org.springframework.webflow.samples.booking.User"/>
    <view-state id="register" view="registerPage.xhtml">
        <transition on="cancelLogin" to="endRegister" />
        <transition on="saveUser" to="saveUserAction"/>
    </view-state>
    <action-state id="saveUserAction">
        <evaluate expression="registerService.saveUserAction(newUser)" />
        <transition on="successfulRegister" to="endRegister" />
        <transition on="errorRegister" to="alreadyExistUserErrorView" />
        <transition on="errorUserValidation" to="errorUserValidationView" />
    </action-state>
    <view-state id="alreadyExistUserErrorView" view="errorRegister.xhtml" popup="true">
        <on-entry>
            <render fragments="alreadyExistRegisterFragment"/>
        </on-entry>
    </view-state>
    <view-state id="errorUserValidationView" view="errorRegister.xhtml" popup="true">
        <on-entry>
            <render fragments="userValidationRegisterFragment"/>
        </on-entry>
    </view-state>
    <end-state id="endRegister" view="flowRedirect:main"/>
</flow>