<?xml version="1.0" encoding="UTF-8"?>
<beans xmlns="http://www.springframework.org/schema/beans"
    xmlns:xsi="http://www.w3.org/2001/XMLSchema-instance"
    xmlns:security="http://www.springframework.org/schema/security"
    xsi:schemaLocation="
    http://www.springframework.org/schema/beans
    http://www.springframework.org/schema/beans/spring-beans-2.5.xsd
    http://www.springframework.org/schema/security
    http://www.springframework.org/schema/security/spring-security-2.0.1.xsd"> 


	<!-- Configure Spring Security -->
	<security:http auto-config="true" >
        
		<!-- Restrict URLs based on role -->
		<security:intercept-url pattern="/spring/login*" access="ROLE_ANONYMOUS" />
		<security:intercept-url pattern="/spring/register*" access="ROLE_ANONYMOUS" />
		<security:intercept-url pattern="/spring/changepassword*" access="ROLE_ANONYMOUS" />
		<security:intercept-url pattern="/spring/logoutSuccess*" access="ROLE_ANONYMOUS" />
		<security:intercept-url pattern="/spring/logout*" access="ROLE_USER" />
		
		<!-- Override default login and logout pages -->
		<security:form-login
			default-target-url="/spring/main"
			authentication-failure-url="/spring/login?login_error=1"
			login-page="/spring/login"
			login-processing-url="/spring/loginProcess"
			always-use-default-target="false"/> 

		<security:logout logout-url="/spring/logout" logout-success-url="/spring/logoutSuccess" />
	</security:http>

	<security:authentication-provider>
		<security:jdbc-user-service data-source-ref="dataSource" 
			users-by-username-query="SELECT C.username, C.password, TRUE FROM Customer C where C.username=?"
			authorities-by-username-query="SELECT C.username, 'ROLE_USER' FROM Customer C WHERE C.username=?"/>
	</security:authentication-provider>
	
</beans>