<?xml version="1.0" encoding="UTF-8"?>
<beans xmlns="http://www.springframework.org/schema/beans"
       xmlns:xsi="http://www.w3.org/2001/XMLSchema-instance"
       xmlns:webflow="http://www.springframework.org/schema/webflow-config"
       xmlns:faces="http://www.springframework.org/schema/faces"
       xsi:schemaLocation="
           http://www.springframework.org/schema/beans
           http://www.springframework.org/schema/beans/spring-beans-2.5.xsd
           http://www.springframework.org/schema/webflow-config
           http://www.springframework.org/schema/webflow-config/spring-webflow-config-2.0.xsd
           http://www.springframework.org/schema/faces
           http://www.springframework.org/schema/faces/spring-faces-2.0.xsd">

	<!-- Executes flows: the central entry point into the Spring Web Flow system -->
	<webflow:flow-executor id="flowExecutor">
		<webflow:flow-execution-listeners>
			<webflow:listener ref="jpaFlowExecutionListener" />
			<webflow:listener ref="securityFlowExecutionListener" />
		</webflow:flow-execution-listeners>
	</webflow:flow-executor>
	
	<!-- The registry of executable flow definitions -->
	<webflow:flow-registry id="flowRegistry" flow-builder-services="facesFlowBuilderServices">
		<webflow:flow-location path="/WEB-INF/flows/main/main.xml" />
		<webflow:flow-location path="/WEB-INF/flows/booking/booking.xml" />
		<webflow:flow-location path="/WEB-INF/flows/register/register.xml" />
		<webflow:flow-location path="/WEB-INF/flows/changepassword/changePassword.xml" />
	</webflow:flow-registry>
	
	<!-- Configures the Spring Web Flow JSF integration -->
	<faces:flow-builder-services id="facesFlowBuilderServices" />

	<!-- Installs a listener that manages JPA persistence contexts for flows that require them -->
	<bean id="jpaFlowExecutionListener" class="org.springframework.webflow.persistence.JpaFlowExecutionListener">
		<constructor-arg ref="entityManagerFactory" />
		<constructor-arg ref="transactionManager" />
	</bean>
	
	<!-- Installs a listener to apply Spring Security authorities -->
	<bean id="securityFlowExecutionListener" class="org.springframework.webflow.security.SecurityFlowExecutionListener" />

</beans>