<?xml version="1.0" encoding="UTF-8"?>

<services-config>
    <services>
        <service
            id="binding-service"
            class="flex.messaging.services.RemotingService"
            messageTypes="flex.messaging.messages.RemotingMessage">
            <destination id="callSet"/>
            <default-channels>
                <channel ref="seam-amf"/>
            </default-channels>
        </service>
    </services>

    <channels>
        <channel-definition id="seam-amf" class="mx.messaging.channels.AMFChannel">
            <endpoint
                uri="http://{server.name}:{server.port}/callset/seam/resource/amf/"
                class="flex.messaging.endpoints.AMFEndpoint"/>
        </channel-definition>
    </channels>

</services-config>
