<?xml version="1.0" encoding="UTF-8"?>
<project xmlns="http://maven.apache.org/POM/4.0.0" xmlns:xsi="http://www.w3.org/2001/XMLSchema-instance"
		 xsi:schemaLocation="http://maven.apache.org/POM/4.0.0 http://maven.apache.org/maven-v4_0_0.xsd">
	<modelVersion>4.0.0</modelVersion>
	<groupId>com.exadel.flamingo.samples</groupId>
	<artifactId>all-samples-with-profiles</artifactId>
	<packaging>pom</packaging>
	<version>2.2.0</version>
	<name>Exadel Flamingo Examples with Profiles</name>

	<organization>
		<name>Exadel, Inc.</name>
		<url>http://www.exadel.com</url>
	</organization>

	<modules>
		<module>helloworld</module>
		<module>expression</module>
		<module>push</module>
		<module>dynamic-query</module>
	</modules>
</project>
