<?xml version="1.0" encoding="UTF-8"?>

<services-config>
    <services>
        
        <service
            id="booking-service"
            class="flex.messaging.services.RemotingService"
            messageTypes="flex.messaging.messages.RemotingMessage">
            <destination id="user"/>
            <destination id="changePassword"/>
            <destination id="bookingService"/>
            <destination id="registerService"/>
            <destination id="loginService"/>
            <default-channels>
                <channel ref="default-amf"/>
            </default-channels>
        </service>      
        
    </services>

    <channels>
        
        <channel-definition id="default-amf" class="mx.messaging.channels.AMFChannel">
            <endpoint
                uri="http://{server.name}:{server.port}/booking/flamingo/amf"
                class="flex.messaging.endpoints.AMFEndpoint"/>
        </channel-definition>  
        
    </channels>

</services-config>
