<?xml version="1.0" encoding="UTF-8"?>

<services-config>
    <services>
        <service
            id="push-service"
            class="flex.messaging.services.RemotingService"
            messageTypes="flex.messaging.messages.RemotingMessage">

            <!--
            Note:
            this value is used on client and server side.
            this is a server component name.
            -->
            <destination id="com.exadel.flamingo.push.broker"/>
            <default-channels>
                <!--
                Note:
                this is URL/channel configuration
                -->
                <channel ref="amf-channel"/>
            </default-channels>
        </service>
    </services>

    <channels>
        <channel-definition id="amf-channel" class="mx.messaging.channels.AMFChannel">
            <endpoint
                uri="http://{server.name}:{server.port}/${server.implementation}-push-sample/resource/amf"
                class="flex.messaging.endpoints.AMFEndpoint"/>
        </channel-definition>

        <!--server.port and server.name are resolved dynamically at run time-->
    </channels>

</services-config>
